CIUDAD,AÃ‘O
Manizales,2012
Manizales,2012
Manizales,2012
Manizales,2012
Manizales,2012
Manizales,2012
Manizales,2012
Manizales,2012
Manizales,2012
Manizales,2012
Manizales,2012
Manizales,2012
Manizales,2012
Manizales,2012
Manizales,2012
Manizales,2012
Manizales,2012
Manizales,2012
Manizales,2012
Manizales,2012
Manizales,2012
Manizales,2012
Manizales,2012
Manizales,2012
Manizales,2012
Manizales,2012
Manizales,2012
Manizales,2012
Manizales,2012
Manizales,2012
Manizales,2012
Manizales,2012
Manizales,2012
Manizales,2012
Manizales,2012
Manizales,2012
Manizales,2012
Manizales,2012
Manizales,2012
Manizales,2012
Manizales,2012
Manizales,2012
Manizales,2012
Manizales,2012
Manizales,2012
Manizales,2012
Manizales,2012
Manizales,2012
Manizales,2012
Manizales,2012
Manizales,2012
Manizales,2012
Manizales,2012
Manizales,2012
Manizales,2012
Manizales,2012
Manizales,2012
Manizales,2012
Manizales,2012
Manizales,2012
Manizales,2012
Manizales,2012
Manizales,2012
Manizales,2012
Manizales,2012
Manizales,2012
Manizales,2012
Manizales,2012
Manizales,2012
Manizales,2012
Manizales,2012
Manizales,2012
Manizales,2012
Manizales,2012
Manizales,2012
Manizales,2012
Manizales,2012
Manizales,2012
Manizales,2012
Manizales,2012
Manizales,2012
Manizales,2012
Manizales,2012
Manizales,2012
Manizales,2012
Manizales,2012
Manizales,2012
Manizales,2012
Manizales,2012
Manizales,2012
Manizales,2012
Manizales,2012
Manizales,2012
Manizales,2012
Manizales,2012
Manizales,2012
Manizales,2012
Manizales,2012
Manizales,2012
Manizales,2012
Manizales,2012
Manizales,2012
Manizales,2012
Manizales,2012
Manizales,2012
Manizales,2012
Manizales,2012
Manizales,2012
Manizales,2012
Manizales,2012
Manizales,2012
Manizales,2012
Manizales,2012
Manizales,2012
Manizales,2012
Manizales,2012
Manizales,2012
Manizales,2012
Manizales,2012
Manizales,2012
Manizales,2012
Manizales,2012
Manizales,2012
Manizales,2012
Manizales,2012
Manizales,2012
Manizales,2012
Manizales,2012
Manizales,2012
Manizales,2012
Manizales,2012
Manizales,2012
Manizales,2012
Manizales,2012
Manizales,2012
Manizales,2012
Manizales,2012
Manizales,2012
Manizales,2012
Manizales,2012
Manizales,2012
Manizales,2012
Manizales,2012
Manizales,2012
Manizales,2012
Manizales,2012
Manizales,2012
Manizales,2012
Manizales,2012
Manizales,2012
Manizales,2012
Manizales,2012
Manizales,2012
Manizales,2012
Manizales,2012
Manizales,2012
Manizales,2012
Manizales,2012
Manizales,2012
Manizales,2012
Manizales,2012
Manizales,2012
Manizales,2012
Manizales,2012
Manizales,2012
Manizales,2012
Manizales,2012
Manizales,2012
Manizales,2012
Manizales,2012
Manizales,2012
Manizales,2012
Manizales,2012
Manizales,2012
Manizales,2012
Manizales,2012
Manizales,2012
Manizales,2012
Manizales,2012
Manizales,2012
Manizales,2012
Manizales,2012
Manizales,2012
Manizales,2012
Manizales,2012
Manizales,2012
Manizales,2012
Manizales,2012
Manizales,2012
Manizales,2012
Manizales,2012
Manizales,2012
Manizales,2012
Manizales,2012
Manizales,2012
Manizales,2012
Manizales,2012
Manizales,2012
Manizales,2012
Manizales,2012
Manizales,2012
Manizales,2012
Manizales,2012
Manizales,2012
Manizales,2012
Manizales,2012
Manizales,2012
Manizales,2012
Manizales,2012
Manizales,2012
Manizales,2012
Manizales,2012
Manizales,2012
Manizales,2012
Manizales,2012
Manizales,2012
Manizales,2012
Manizales,2012
Manizales,2012
Manizales,2012
Manizales,2012
Manizales,2012
Manizales,2012
Manizales,2012
Manizales,2012
Manizales,2012
Manizales,2012
Manizales,2012
Manizales,2012
Manizales,2012
Manizales,2012
Manizales,2012
Manizales,2012
Manizales,2012
Manizales,2012
Manizales,2012
Manizales,2012
Manizales,2012
Manizales,2012
Manizales,2012
Manizales,2012
Manizales,2012
Manizales,2012
Manizales,2012
Manizales,2012
Manizales,2012
Manizales,2012
Manizales,2012
Manizales,2012
Manizales,2012
Manizales,2012
Manizales,2012
Manizales,2012
Manizales,2012
Manizales,2012
Manizales,2012
Manizales,2012
Manizales,2012
Manizales,2012
Manizales,2012
Manizales,2012
Manizales,2012
Manizales,2012
Manizales,2012
Manizales,2012
Manizales,2012
Manizales,2012
Manizales,2012
Manizales,2012
Manizales,2012
Manizales,2012
Manizales,2012
Manizales,2012
Manizales,2012
Manizales,2012
Manizales,2012
Manizales,2012
Manizales,2012
Manizales,2012
Manizales,2012
Manizales,2012
Manizales,2012
Manizales,2012
Manizales,2012
Manizales,2012
Manizales,2012
Manizales,2012
Manizales,2012
Manizales,2012
Manizales,2012
Manizales,2012
Manizales,2012
Manizales,2012
Manizales,2012
Manizales,2012
Manizales,2012
Manizales,2012
Manizales,2012
Manizales,2012
Manizales,2012
Manizales,2012
Manizales,2012
Manizales,2012
Manizales,2012
Manizales,2012
Manizales,2012
Manizales,2012
Manizales,2012
Manizales,2012
Manizales,2012
Manizales,2012
Manizales,2012
Manizales,2012
Manizales,2012
Manizales,2012
Manizales,2012
Manizales,2012
Manizales,2012
Manizales,2012
Manizales,2012
Manizales,2012
Manizales,2012
Manizales,2012
Manizales,2012
Manizales,2012
Manizales,2012
Manizales,2012
Manizales,2012
Manizales,2012
Manizales,2012
Manizales,2012
Manizales,2012
Manizales,2012
Manizales,2012
Manizales,2012
Manizales,2012
Manizales,2012
Manizales,2012
Manizales,2012
Manizales,2012
Manizales,2012
Manizales,2012
Manizales,2012
Manizales,2012
Manizales,2012
Manizales,2012
Manizales,2012
Manizales,2012
Manizales,2012
Manizales,2012
Manizales,2012
Manizales,2012
Manizales,2012
Manizales,2012
Manizales,2012
Manizales,2012
Manizales,2012
Manizales,2012
Manizales,2012
Manizales,2012
Manizales,2012
Manizales,2012
Manizales,2012
Manizales,2012
Manizales,2012
Manizales,2012
Manizales,2012
Manizales,2012
Manizales,2012
Manizales,2012
Manizales,2012
Manizales,2012
Manizales,2012
Manizales,2012
Manizales,2012
Manizales,2012
Manizales,2012
Manizales,2012
Manizales,2012
Manizales,2012
Manizales,2012
Manizales,2012
Manizales,2012
Manizales,2012
Manizales,2012
Manizales,2012
Manizales,2012
Manizales,2012
Manizales,2012
Manizales,2012
Manizales,2012
Manizales,2012
Manizales,2012
Manizales,2012
Manizales,2012
Manizales,2012
Manizales,2012
Manizales,2012
Manizales,2012
Manizales,2012
Manizales,2012
Manizales,2012
Manizales,2012
Manizales,2012
Manizales,2012
Manizales,2012
Manizales,2012
Manizales,2012
Manizales,2012
Manizales,2012
Manizales,2012
Manizales,2012
Manizales,2012
Manizales,2012
Manizales,2012
Manizales,2012
Manizales,2012
Manizales,2012
Manizales,2012
Manizales,2012
Manizales,2012
Manizales,2012
Manizales,2012
Manizales,2012
Manizales,2012
Manizales,2012
Manizales,2012
Manizales,2012
Manizales,2012
Manizales,2012
Manizales,2012
Manizales,2012
Manizales,2012
Manizales,2012
Manizales,2012
Manizales,2012
Manizales,2012
Manizales,2012
Manizales,2012
Manizales,2012
Manizales,2012
Manizales,2012
Manizales,2012
Manizales,2012
Manizales,2012
Manizales,2012
Manizales,2012
Manizales,2012
Manizales,2012
Manizales,2012
Manizales,2012
Manizales,2012
Manizales,2012
Manizales,2012
Manizales,2012
Manizales,2012
Manizales,2012
Manizales,2012
Manizales,2012
Manizales,2012
Manizales,2012
Manizales,2012
Manizales,2012
Manizales,2012
Manizales,2012
Manizales,2012
Manizales,2012
Manizales,2012
Manizales,2012
Manizales,2012
Manizales,2012
Manizales,2012
Manizales,2012
Manizales,2012
Manizales,2012
Manizales,2012
Manizales,2012
Manizales,2012
Manizales,2012
Manizales,2012
Manizales,2012
Manizales,2012
Manizales,2012
Manizales,2012
Manizales,2012
Manizales,2012
Manizales,2012
Manizales,2012
Manizales,2012
Manizales,2012
Manizales,2012
Manizales,2012
Manizales,2012
Manizales,2012
Manizales,2012
Manizales,2012
Manizales,2012
Manizales,2012
Manizales,2012
Manizales,2012
Manizales,2012
Manizales,2012
Manizales,2012
Manizales,2012
Manizales,2012
Manizales,2012
Manizales,2012
Manizales,2012
Manizales,2012
Manizales,2012
Manizales,2012
Manizales,2012
Manizales,2012
Manizales,2012
Manizales,2012
Manizales,2012
Manizales,2012
Manizales,2012
Manizales,2012
Manizales,2012
Manizales,2012
Manizales,2012
Manizales,2012
Manizales,2012
Manizales,2012
Manizales,2012
Manizales,2012
Manizales,2012
Manizales,2012
Manizales,2012
Manizales,2012
Manizales,2012
Manizales,2012
Manizales,2012
Manizales,2012
Manizales,2012
Manizales,2012
Manizales,2012
Manizales,2012
Manizales,2012
Manizales,2012
Manizales,2012
Manizales,2012
Manizales,2012
Manizales,2012
Manizales,2012
Manizales,2012
Manizales,2012
Manizales,2012
Manizales,2012
Manizales,2012
Manizales,2012
Manizales,2012
Manizales,2012
Manizales,2012
Manizales,2012
Manizales,2012
Manizales,2012
Manizales,2012
Manizales,2012
Manizales,2012
Manizales,2012
Manizales,2012
Manizales,2012
Manizales,2012
Manizales,2012
Manizales,2012
Manizales,2012
Manizales,2012
Manizales,2012
Manizales,2012
Manizales,2012
Manizales,2012
Manizales,2012
Manizales,2012
Manizales,2012
Manizales,2012
Manizales,2012
Manizales,2012
Manizales,2012
Manizales,2012
Manizales,2012
Manizales,2012
Manizales,2012
Manizales,2012
Manizales,2012
Manizales,2012
Manizales,2012
Manizales,2012
Manizales,2012
Manizales,2012
Manizales,2012
Manizales,2012
Manizales,2012
Manizales,2012
Manizales,2012
Manizales,2012
Manizales,2012
Manizales,2012
Manizales,2012
Manizales,2012
Manizales,2012
Manizales,2012
Manizales,2012
Manizales,2012
Manizales,2012
Manizales,2012
Manizales,2012
Manizales,2012
Manizales,2012
Manizales,2012
Manizales,2012
Manizales,2012
Manizales,2012
Manizales,2012
Manizales,2012
Manizales,2012
Manizales,2012
Manizales,2012
Manizales,2012
Manizales,2012
Manizales,2012
Manizales,2012
Manizales,2012
Manizales,2012
Manizales,2012
Manizales,2012
Manizales,2012
Manizales,2012
Manizales,2012
Manizales,2012
Manizales,2012
Manizales,2012
Manizales,2012
Manizales,2012
Manizales,2012
Manizales,2012
Manizales,2012
Manizales,2012
Manizales,2012
Manizales,2012
Manizales,2012
Manizales,2012
Manizales,2012
Manizales,2012
Manizales,2012
Manizales,2012
Manizales,2012
Manizales,2012
Manizales,2012
Manizales,2012
Manizales,2012
Manizales,2012
Manizales,2012
Manizales,2012
Manizales,2012
Manizales,2012
Manizales,2012
Manizales,2012
Manizales,2012
Manizales,2012
Manizales,2012
Manizales,2012
Manizales,2012
Manizales,2012
Manizales,2012
Manizales,2012
Manizales,2012
Manizales,2012
Manizales,2012
Manizales,2012
Manizales,2012
Manizales,2012
Manizales,2012
Manizales,2012
Manizales,2012
Manizales,2012
Manizales,2012
Manizales,2012
Manizales,2012
Manizales,2012
Manizales,2012
Manizales,2012
Manizales,2012
Manizales,2012
Manizales,2012
Manizales,2012
Manizales,2012
Manizales,2012
Manizales,2012
Manizales,2012
Manizales,2012
Manizales,2012
Manizales,2012
Manizales,2012
Manizales,2012
Manizales,2012
Manizales,2012
Manizales,2012
Manizales,2012
Manizales,2012
Manizales,2012
Manizales,2012
Manizales,2012
Manizales,2012
Manizales,2012
Manizales,2012
Manizales,2012
Manizales,2012
Manizales,2012
Manizales,2012
Manizales,2012
Manizales,2012
Manizales,2012
Manizales,2012
Manizales,2012
Manizales,2012
Manizales,2012
Manizales,2012
Manizales,2012
Manizales,2012
Manizales,2012
Manizales,2012
Manizales,2012
Manizales,2012
Manizales,2012
Manizales,2012
Manizales,2012
Manizales,2012
Manizales,2012
Manizales,2012
Manizales,2012
Manizales,2012
Manizales,2012
Manizales,2012
Manizales,2012
Manizales,2012
Manizales,2012
Manizales,2012
Manizales,2012
Manizales,2012
Manizales,2012
Manizales,2012
Manizales,2012
Manizales,2012
Manizales,2012
Manizales,2012
Manizales,2012
Manizales,2012
Manizales,2012
Manizales,2012
Manizales,2013
Manizales,2013
Manizales,2013
Manizales,2013
Manizales,2013
Manizales,2013
Manizales,2013
Manizales,2013
Manizales,2013
Manizales,2013
Manizales,2013
Manizales,2013
Manizales,2013
Manizales,2013
Manizales,2013
Manizales,2013
Manizales,2013
Manizales,2013
Manizales,2013
Manizales,2013
Manizales,2013
Manizales,2013
Manizales,2013
Manizales,2013
Manizales,2013
Manizales,2013
Manizales,2013
Manizales,2013
Manizales,2013
Manizales,2013
Manizales,2013
Manizales,2013
Manizales,2013
Manizales,2013
Manizales,2013
Manizales,2013
Manizales,2013
Manizales,2013
Manizales,2013
Manizales,2013
Manizales,2013
Manizales,2013
Manizales,2013
Manizales,2013
Manizales,2013
Manizales,2013
Manizales,2013
Manizales,2013
Manizales,2013
Manizales,2013
Manizales,2013
Manizales,2013
Manizales,2013
Manizales,2013
Manizales,2013
Manizales,2013
Manizales,2013
Manizales,2013
Manizales,2013
Manizales,2013
Manizales,2013
Manizales,2013
Manizales,2013
Manizales,2013
Manizales,2013
Manizales,2013
Manizales,2013
Manizales,2013
Manizales,2013
Manizales,2013
Manizales,2013
Manizales,2013
Manizales,2013
Manizales,2013
Manizales,2013
Manizales,2013
Manizales,2013
Manizales,2013
Manizales,2013
Manizales,2013
Manizales,2013
Manizales,2013
Manizales,2013
Manizales,2013
Manizales,2013
Manizales,2013
Manizales,2013
Manizales,2013
Manizales,2013
Manizales,2013
Manizales,2013
Manizales,2013
Manizales,2013
Manizales,2013
Manizales,2013
Manizales,2013
Manizales,2013
Manizales,2013
Manizales,2013
Manizales,2013
Manizales,2013
Manizales,2013
Manizales,2013
Manizales,2013
Manizales,2013
Manizales,2013
Manizales,2013
Manizales,2013
Manizales,2013
Manizales,2013
Manizales,2013
Manizales,2013
Manizales,2013
Manizales,2013
Manizales,2013
Manizales,2013
Manizales,2013
Manizales,2013
Manizales,2013
Manizales,2013
Manizales,2013
Manizales,2013
Manizales,2013
Manizales,2013
Manizales,2013
Manizales,2013
Manizales,2013
Manizales,2013
Manizales,2013
Manizales,2013
Manizales,2013
Manizales,2013
Manizales,2013
Manizales,2013
Manizales,2013
Manizales,2013
Manizales,2013
Manizales,2013
Manizales,2013
Manizales,2013
Manizales,2013
Manizales,2013
Manizales,2013
Manizales,2013
Manizales,2013
Manizales,2013
Manizales,2013
Manizales,2013
Manizales,2013
Manizales,2013
Manizales,2013
Manizales,2013
Manizales,2013
Manizales,2013
Manizales,2013
Manizales,2013
Manizales,2013
Manizales,2013
Manizales,2013
Manizales,2013
Manizales,2013
Manizales,2013
Manizales,2013
Manizales,2013
Manizales,2013
Manizales,2013
Manizales,2013
Manizales,2013
Manizales,2013
Manizales,2013
Manizales,2013
Manizales,2013
Manizales,2013
Manizales,2013
Manizales,2013
Manizales,2013
Manizales,2013
Manizales,2013
Manizales,2013
Manizales,2013
Manizales,2013
Manizales,2013
Manizales,2013
Manizales,2013
Manizales,2013
Manizales,2013
Manizales,2013
Manizales,2013
Manizales,2013
Manizales,2013
Manizales,2013
Manizales,2013
Manizales,2013
Manizales,2013
Manizales,2013
Manizales,2013
Manizales,2013
Manizales,2013
Manizales,2013
Manizales,2013
Manizales,2013
Manizales,2013
Manizales,2013
Manizales,2013
Manizales,2013
Manizales,2013
Manizales,2013
Manizales,2013
Manizales,2013
Manizales,2013
Manizales,2013
Manizales,2013
Manizales,2013
Manizales,2013
Manizales,2013
Manizales,2013
Manizales,2013
Manizales,2013
Manizales,2013
Manizales,2013
Manizales,2013
Manizales,2013
Manizales,2013
Manizales,2013
Manizales,2013
Manizales,2013
Manizales,2013
Manizales,2013
Manizales,2013
Manizales,2013
Manizales,2013
Manizales,2013
Manizales,2013
Manizales,2013
Manizales,2013
Manizales,2013
Manizales,2013
Manizales,2013
Manizales,2013
Manizales,2013
Manizales,2013
Manizales,2013
Manizales,2013
Manizales,2013
Manizales,2013
Manizales,2013
Manizales,2013
Manizales,2013
Manizales,2013
Manizales,2013
Manizales,2013
Manizales,2013
Manizales,2013
Manizales,2013
Manizales,2013
Manizales,2013
Manizales,2013
Manizales,2013
Manizales,2013
Manizales,2013
Manizales,2013
Manizales,2013
Manizales,2013
Manizales,2013
Manizales,2013
Manizales,2013
Manizales,2013
Manizales,2013
Manizales,2013
Manizales,2013
Manizales,2013
Manizales,2013
Manizales,2013
Manizales,2013
Manizales,2013
Manizales,2013
Manizales,2013
Manizales,2013
Manizales,2013
Manizales,2013
Manizales,2013
Manizales,2013
Manizales,2013
Manizales,2013
Manizales,2013
Manizales,2013
Manizales,2013
Manizales,2013
Manizales,2013
Manizales,2013
Manizales,2013
Manizales,2013
Manizales,2013
Manizales,2013
Manizales,2013
Manizales,2013
Manizales,2013
Manizales,2013
Manizales,2013
Manizales,2013
Manizales,2013
Manizales,2013
Manizales,2013
Manizales,2013
Manizales,2013
Manizales,2013
Manizales,2013
Manizales,2013
Manizales,2013
Manizales,2013
Manizales,2013
Manizales,2013
Manizales,2013
Manizales,2013
Manizales,2013
Manizales,2013
Manizales,2013
Manizales,2013
Manizales,2013
Manizales,2013
Manizales,2013
Manizales,2013
Manizales,2013
Manizales,2013
Manizales,2013
Manizales,2013
Manizales,2013
Manizales,2013
Manizales,2013
Manizales,2013
Manizales,2013
Manizales,2013
Manizales,2013
Manizales,2013
Manizales,2013
Manizales,2013
Manizales,2013
Manizales,2013
Manizales,2013
Manizales,2013
Manizales,2013
Manizales,2013
Manizales,2013
Manizales,2013
Manizales,2013
Manizales,2013
Manizales,2013
Manizales,2013
Manizales,2013
Manizales,2013
Manizales,2013
Manizales,2013
Manizales,2013
Manizales,2013
Manizales,2013
Manizales,2013
Manizales,2013
Manizales,2013
Manizales,2013
Manizales,2013
Manizales,2013
Manizales,2013
Manizales,2013
Manizales,2013
Manizales,2013
Manizales,2013
Manizales,2013
Manizales,2013
Manizales,2013
Manizales,2013
Manizales,2013
Manizales,2013
Manizales,2013
Manizales,2013
Manizales,2013
Manizales,2013
Manizales,2013
Manizales,2013
Manizales,2013
Manizales,2013
Manizales,2013
Manizales,2013
Manizales,2013
Manizales,2013
Manizales,2013
Manizales,2013
Manizales,2013
Manizales,2013
Manizales,2013
Manizales,2013
Manizales,2013
Manizales,2013
Manizales,2013
Manizales,2013
Manizales,2013
Manizales,2013
Manizales,2013
Manizales,2013
Manizales,2013
Manizales,2013
Manizales,2013
Manizales,2013
Manizales,2013
Manizales,2013
Manizales,2013
Manizales,2013
Manizales,2013
Manizales,2013
Manizales,2013
Manizales,2013
Manizales,2013
Manizales,2013
Manizales,2013
Manizales,2013
Manizales,2013
Manizales,2013
Manizales,2013
Manizales,2013
Manizales,2013
Manizales,2013
Manizales,2013
Manizales,2013
Manizales,2013
Manizales,2013
Manizales,2013
Manizales,2013
Manizales,2013
Manizales,2013
Manizales,2013
Manizales,2013
Manizales,2013
Manizales,2013
Manizales,2013
Manizales,2013
Manizales,2013
Manizales,2013
Manizales,2013
Manizales,2013
Manizales,2013
Manizales,2013
Manizales,2013
Manizales,2013
Manizales,2013
Manizales,2013
Manizales,2013
Manizales,2013
Manizales,2013
Manizales,2013
Manizales,2013
Manizales,2013
Manizales,2013
Manizales,2013
Manizales,2013
Manizales,2013
Manizales,2013
Manizales,2013
Manizales,2013
Manizales,2013
Manizales,2013
Manizales,2013
Manizales,2013
Manizales,2013
Manizales,2013
Manizales,2013
Manizales,2013
Manizales,2013
Manizales,2013
Manizales,2013
Manizales,2013
Manizales,2013
Manizales,2013
Manizales,2013
Manizales,2013
Manizales,2013
Manizales,2013
Manizales,2013
Manizales,2013
Manizales,2013
Manizales,2013
Manizales,2013
Manizales,2013
Manizales,2013
Manizales,2013
Manizales,2013
Manizales,2013
Manizales,2013
Manizales,2013
Manizales,2013
Manizales,2013
Manizales,2013
Manizales,2013
Manizales,2013
Manizales,2013
Manizales,2013
Manizales,2013
Manizales,2013
Manizales,2013
Manizales,2013
Manizales,2013
Manizales,2013
Manizales,2013
Manizales,2013
Manizales,2013
Manizales,2013
Manizales,2013
Manizales,2013
Manizales,2013
Manizales,2013
Manizales,2013
Manizales,2013
Manizales,2013
Manizales,2013
Manizales,2013
Manizales,2013
Manizales,2013
Manizales,2013
Manizales,2013
Manizales,2013
Manizales,2013
Manizales,2013
Manizales,2013
Manizales,2013
Manizales,2013
Manizales,2013
Manizales,2013
Manizales,2013
Manizales,2013
Manizales,2013
Manizales,2013
Manizales,2013
Manizales,2013
Manizales,2013
Manizales,2013
Manizales,2013
Manizales,2013
Manizales,2013
Manizales,2013
Manizales,2013
Manizales,2013
Manizales,2013
Manizales,2013
Manizales,2013
Manizales,2013
Manizales,2013
Manizales,2013
Manizales,2013
Manizales,2013
Manizales,2013
Manizales,2013
Manizales,2013
Manizales,2013
Manizales,2013
Manizales,2013
Manizales,2013
Manizales,2013
Manizales,2013
Manizales,2013
Manizales,2013
Manizales,2013
Manizales,2013
Manizales,2013
Manizales,2013
Manizales,2013
Manizales,2013
Manizales,2013
Manizales,2013
Manizales,2013
Manizales,2013
Manizales,2013
Manizales,2013
Manizales,2013
Manizales,2013
Manizales,2013
Manizales,2013
Manizales,2013
Manizales,2013
Manizales,2013
Manizales,2013
Manizales,2013
Manizales,2013
Manizales,2013
Manizales,2013
Manizales,2013
Manizales,2013
Manizales,2013
Manizales,2013
Manizales,2013
Manizales,2013
Manizales,2013
Manizales,2013
Manizales,2013
Manizales,2013
Manizales,2013
Manizales,2013
Manizales,2013
Manizales,2013
Manizales,2013
Manizales,2013
Manizales,2013
Manizales,2013
Manizales,2013
Manizales,2013
Manizales,2013
Manizales,2013
Manizales,2013
Manizales,2013
Manizales,2013
Manizales,2013
Manizales,2013
Manizales,2013
Manizales,2013
Manizales,2013
Manizales,2013
Manizales,2013
Manizales,2013
Manizales,2013
Manizales,2013
Manizales,2013
Manizales,2013
Manizales,2013
Manizales,2013
Manizales,2013
Manizales,2013
Manizales,2013
Manizales,2013
Manizales,2013
Manizales,2013
Manizales,2013
Manizales,2013
Manizales,2013
Manizales,2013
Manizales,2013
Manizales,2013
Manizales,2013
Manizales,2013
Manizales,2013
Manizales,2013
Manizales,2013
Manizales,2013
Manizales,2013
Manizales,2013
Manizales,2013
Manizales,2013
Manizales,2013
Manizales,2013
Manizales,2013
Manizales,2013
Manizales,2013
Manizales,2013
Manizales,2013
Manizales,2013
Manizales,2013
Manizales,2013
Manizales,2013
Manizales,2013
Manizales,2013
Manizales,2013
Manizales,2013
Manizales,2013
Manizales,2013
Manizales,2013
Manizales,2013
Manizales,2013
Manizales,2013
Manizales,2013
Manizales,2013
Manizales,2013
Manizales,2013
Manizales,2013
Manizales,2013
Manizales,2013
Manizales,2013
Manizales,2013
Manizales,2013
Manizales,2013
Manizales,2013
Manizales,2013
Manizales,2013
Manizales,2013
Manizales,2013
Manizales,2013
Manizales,2013
Manizales,2013
Manizales,2013
Manizales,2013
Manizales,2013
Manizales,2013
Manizales,2013
Manizales,2013
Manizales,2013
Manizales,2013
Manizales,2013
Manizales,2013
Manizales,2013
Manizales,2013
Manizales,2013
Manizales,2013
Manizales,2013
Manizales,2013
Manizales,2013
Manizales,2013
Manizales,2013
Manizales,2013
Manizales,2013
Manizales,2013
Manizales,2013
Manizales,2013
Manizales,2013
Manizales,2013
Manizales,2013
Manizales,2013
Manizales,2013
Manizales,2013
Manizales,2013
Manizales,2013
Manizales,2013
Manizales,2013
Manizales,2013
Manizales,2013
Manizales,2013
Manizales,2013
Manizales,2013
Manizales,2013
Manizales,2013
Manizales,2013
Manizales,2013
Manizales,2013
Manizales,2013
Manizales,2013
Manizales,2013
Manizales,2013
Manizales,2013
Manizales,2013
Manizales,2013
Manizales,2013
Manizales,2013
Manizales,2013
Manizales,2013
Manizales,2013
Manizales,2013
Manizales,2013
Manizales,2013
Manizales,2013
Manizales,2013
Manizales,2013
Manizales,2013
Manizales,2013
Manizales,2013
Manizales,2013
Manizales,2013
Manizales,2013
Manizales,2013
Manizales,2013
Manizales,2013
Manizales,2013
Manizales,2013
Manizales,2013
Manizales,2013
Manizales,2013
Manizales,2013
Manizales,2013
Manizales,2013
Manizales,2013
Manizales,2013
Manizales,2013
Manizales,2013
Manizales,2013
Manizales,2013
Manizales,2013
Manizales,2013
Manizales,2013
Manizales,2013
Manizales,2013
Manizales,2013
Manizales,2013
Manizales,2013
Manizales,2013
Manizales,2013
Manizales,2013
Manizales,2013
Manizales,2013
Manizales,2013
Manizales,2013
Manizales,2013
Manizales,2013
Manizales,2013
Manizales,2013
Manizales,2013
Manizales,2013
Manizales,2013
Manizales,2013
Manizales,2013
Manizales,2013
Manizales,2013
Manizales,2013
Manizales,2013
Manizales,2013
Manizales,2013
Manizales,2013
Manizales,2013
Manizales,2013
Manizales,2013
Manizales,2013
Manizales,2013
Manizales,2013
Manizales,2013
Manizales,2013
Manizales,2013
Manizales,2013
Manizales,2013
Manizales,2013
Manizales,2013
Manizales,2013
Manizales,2013
Manizales,2013
Manizales,2013
Manizales,2013
Manizales,2013
Manizales,2013
Manizales,2013
Manizales,2013
Manizales,2013
Manizales,2013
Manizales,2013
Manizales,2013
Manizales,2013
Manizales,2013
Manizales,2013
Manizales,2013
Manizales,2013
Manizales,2013
Manizales,2013
Manizales,2013
Manizales,2013
Manizales,2013
Manizales,2013
Manizales,2013
Manizales,2013
Manizales,2013
Manizales,2013
Manizales,2013
Manizales,2013
Manizales,2013
Manizales,2013
Manizales,2013
Manizales,2013
Manizales,2013
Manizales,2013
Manizales,2013
Manizales,2013
Manizales,2013
Manizales,2013
Manizales,2013
Manizales,2013
Manizales,2013
Manizales,2013
Manizales,2013
Manizales,2013
Manizales,2013
Manizales,2013
Manizales,2013
Manizales,2013
Manizales,2013
Manizales,2013
Manizales,2013
Manizales,2013
Manizales,2013
Manizales,2013
Manizales,2013
Manizales,2013
Manizales,2013
Manizales,2013
Manizales,2013
Manizales,2013
Manizales,2013
Manizales,2013
Manizales,2013
Manizales,2013
Manizales,2013
Manizales,2013
Manizales,2013
Manizales,2013
Manizales,2013
Manizales,2013
Manizales,2013
Manizales,2013
Manizales,2013
Manizales,2013
Manizales,2013
Manizales,2013
Manizales,2013
Manizales,2013
Manizales,2013
Manizales,2013
Manizales,2013
Manizales,2013
Manizales,2013
Manizales,2013
Manizales,2013
Manizales,2013
Manizales,2013
Manizales,2013
Manizales,2013
Manizales,2013
Manizales,2013
Manizales,2013
Manizales,2013
Manizales,2013
Manizales,2013
Manizales,2013
Manizales,2013
Manizales,2013
Manizales,2013
Manizales,2013
Manizales,2013
Manizales,2013
Manizales,2013
Manizales,2013
Manizales,2013
Manizales,2013
Manizales,2013
Manizales,2013
Manizales,2013
Manizales,2013
Manizales,2013
Manizales,2013
Manizales,2013
Manizales,2013
Manizales,2013
Manizales,2013
Manizales,2013
Manizales,2013
Manizales,2013
Manizales,2013
Manizales,2013
Manizales,2013
Manizales,2013
Manizales,2013
Manizales,2013
Manizales,2013
Manizales,2013
Manizales,2013
Manizales,2013
Manizales,2013
Manizales,2013
Manizales,2013
Manizales,2014
Manizales,2014
Manizales,2014
Manizales,2014
Manizales,2014
Manizales,2014
Manizales,2014
Manizales,2014
Manizales,2014
Manizales,2014
Manizales,2014
Manizales,2014
Manizales,2014
Manizales,2014
Manizales,2014
Manizales,2014
Manizales,2014
Manizales,2014
Manizales,2014
Manizales,2014
Manizales,2014
Manizales,2014
Manizales,2014
Manizales,2014
Manizales,2014
Manizales,2014
Manizales,2014
Manizales,2014
Manizales,2014
Manizales,2014
Manizales,2014
Manizales,2014
Manizales,2014
Manizales,2014
Manizales,2014
Manizales,2014
Manizales,2014
Manizales,2014
Manizales,2014
Manizales,2014
Manizales,2014
Manizales,2014
Manizales,2014
Manizales,2014
Manizales,2014
Manizales,2014
Manizales,2014
Manizales,2014
Manizales,2014
Manizales,2014
Manizales,2014
Manizales,2014
Manizales,2014
Manizales,2014
Manizales,2014
Manizales,2014
Manizales,2014
Manizales,2014
Manizales,2014
Manizales,2014
Manizales,2014
Manizales,2014
Manizales,2014
Manizales,2014
Manizales,2014
Manizales,2014
Manizales,2014
Manizales,2014
Manizales,2014
Manizales,2014
Manizales,2014
Manizales,2014
Manizales,2014
Manizales,2014
Manizales,2014
Manizales,2014
Manizales,2014
Manizales,2014
Manizales,2014
Manizales,2014
Manizales,2014
Manizales,2014
Manizales,2014
Manizales,2014
Manizales,2014
Manizales,2014
Manizales,2014
Manizales,2014
Manizales,2014
Manizales,2014
Manizales,2014
Manizales,2014
Manizales,2014
Manizales,2014
Manizales,2014
Manizales,2014
Manizales,2014
Manizales,2014
Manizales,2014
Manizales,2014
Manizales,2014
Manizales,2014
Manizales,2014
Manizales,2014
Manizales,2014
Manizales,2014
Manizales,2014
Manizales,2014
Manizales,2014
Manizales,2014
Manizales,2014
Manizales,2014
Manizales,2014
Manizales,2014
Manizales,2014
Manizales,2014
Manizales,2014
Manizales,2014
Manizales,2014
Manizales,2014
Manizales,2014
Manizales,2014
Manizales,2014
Manizales,2014
Manizales,2014
Manizales,2014
Manizales,2014
Manizales,2014
Manizales,2014
Manizales,2014
Manizales,2014
Manizales,2014
Manizales,2014
Manizales,2014
Manizales,2014
Manizales,2014
Manizales,2014
Manizales,2014
Manizales,2014
Manizales,2014
Manizales,2014
Manizales,2014
Manizales,2014
Manizales,2014
Manizales,2014
Manizales,2014
Manizales,2014
Manizales,2014
Manizales,2014
Manizales,2014
Manizales,2014
Manizales,2014
Manizales,2014
Manizales,2014
Manizales,2014
Manizales,2014
Manizales,2014
Manizales,2014
Manizales,2014
Manizales,2014
Manizales,2014
Manizales,2014
Manizales,2014
Manizales,2014
Manizales,2014
Manizales,2014
Manizales,2014
Manizales,2014
Manizales,2014
Manizales,2014
Manizales,2014
Manizales,2014
Manizales,2014
Manizales,2014
Manizales,2014
Manizales,2014
Manizales,2014
Manizales,2014
Manizales,2014
Manizales,2014
Manizales,2014
Manizales,2014
Manizales,2014
Manizales,2014
Manizales,2014
Manizales,2014
Manizales,2014
Manizales,2014
Manizales,2014
Manizales,2014
Manizales,2014
Manizales,2014
Manizales,2014
Manizales,2014
Manizales,2014
Manizales,2014
Manizales,2014
Manizales,2014
Manizales,2014
Manizales,2014
Manizales,2014
Manizales,2014
Manizales,2014
Manizales,2014
Manizales,2014
Manizales,2014
Manizales,2014
Manizales,2014
Manizales,2014
Manizales,2014
Manizales,2014
Manizales,2014
Manizales,2014
Manizales,2014
Manizales,2014
Manizales,2014
Manizales,2014
Manizales,2014
Manizales,2014
Manizales,2014
Manizales,2014
Manizales,2014
Manizales,2014
Manizales,2014
Manizales,2014
Manizales,2014
Manizales,2014
Manizales,2014
Manizales,2014
Manizales,2014
Manizales,2014
Manizales,2014
Manizales,2014
Manizales,2014
Manizales,2014
Manizales,2014
Manizales,2014
Manizales,2014
Manizales,2014
Manizales,2014
Manizales,2014
Manizales,2014
Manizales,2014
Manizales,2014
Manizales,2014
Manizales,2014
Manizales,2014
Manizales,2014
Manizales,2014
Manizales,2014
Manizales,2014
Manizales,2014
Manizales,2014
Manizales,2014
Manizales,2014
Manizales,2014
Manizales,2014
Manizales,2014
Manizales,2014
Manizales,2014
Manizales,2014
Manizales,2014
Manizales,2014
Manizales,2014
Manizales,2014
Manizales,2014
Manizales,2014
Manizales,2014
Manizales,2014
Manizales,2014
Manizales,2014
Manizales,2014
Manizales,2014
Manizales,2014
Manizales,2014
Manizales,2014
Manizales,2014
Manizales,2014
Manizales,2014
Manizales,2014
Manizales,2014
Manizales,2014
Manizales,2014
Manizales,2014
Manizales,2014
Manizales,2014
Manizales,2014
Manizales,2014
Manizales,2014
Manizales,2014
Manizales,2014
Manizales,2014
Manizales,2014
Manizales,2014
Manizales,2014
Manizales,2014
Manizales,2014
Manizales,2014
Manizales,2014
Manizales,2014
Manizales,2014
Manizales,2014
Manizales,2014
Manizales,2014
Manizales,2014
Manizales,2014
Manizales,2014
Manizales,2014
Manizales,2014
Manizales,2014
Manizales,2014
Manizales,2014
Manizales,2014
Manizales,2014
Manizales,2014
Manizales,2014
Manizales,2014
Manizales,2014
Manizales,2014
Manizales,2014
Manizales,2014
Manizales,2014
Manizales,2014
Manizales,2014
Manizales,2014
Manizales,2014
Manizales,2014
Manizales,2014
Manizales,2014
Manizales,2014
Manizales,2014
Manizales,2014
Manizales,2014
Manizales,2014
Manizales,2014
Manizales,2014
Manizales,2014
Manizales,2014
Manizales,2014
Manizales,2014
Manizales,2014
Manizales,2014
Manizales,2014
Manizales,2014
Manizales,2014
Manizales,2014
Manizales,2014
Manizales,2014
Manizales,2014
Manizales,2014
Manizales,2014
Manizales,2014
Manizales,2014
Manizales,2014
Manizales,2014
Manizales,2014
Manizales,2014
Manizales,2014
Manizales,2014
Manizales,2014
Manizales,2014
Manizales,2014
Manizales,2014
Manizales,2014
Manizales,2014
Manizales,2014
Manizales,2014
Manizales,2014
Manizales,2014
Manizales,2014
Manizales,2014
Manizales,2014
Manizales,2014
Manizales,2014
Manizales,2014
Manizales,2014
Manizales,2014
Manizales,2014
Manizales,2014
Manizales,2014
Manizales,2014
Manizales,2014
Manizales,2014
Manizales,2014
Manizales,2014
Manizales,2014
Manizales,2014
Manizales,2014
Manizales,2014
Manizales,2014
Manizales,2014
Manizales,2014
Manizales,2014
Manizales,2014
Manizales,2014
Manizales,2014
Manizales,2014
Manizales,2014
Manizales,2014
Manizales,2014
Manizales,2014
Manizales,2014
Manizales,2014
Manizales,2014
Manizales,2014
Manizales,2014
Manizales,2014
Manizales,2014
Manizales,2014
Manizales,2014
Manizales,2014
Manizales,2014
Manizales,2014
Manizales,2014
Manizales,2014
Manizales,2014
Manizales,2014
Manizales,2014
Manizales,2014
Manizales,2014
Manizales,2014
Manizales,2014
Manizales,2014
Manizales,2014
Manizales,2014
Manizales,2014
Manizales,2014
Manizales,2014
Manizales,2014
Manizales,2014
Manizales,2014
Manizales,2014
Manizales,2014
Manizales,2014
Manizales,2014
Manizales,2014
Manizales,2014
Manizales,2014
Manizales,2014
Manizales,2014
Manizales,2014
Manizales,2014
Manizales,2014
Manizales,2014
Manizales,2014
Manizales,2014
Manizales,2014
Manizales,2014
Manizales,2014
Manizales,2014
Manizales,2014
Manizales,2014
Manizales,2014
Manizales,2014
Manizales,2014
Manizales,2014
Manizales,2014
Manizales,2014
Manizales,2014
Manizales,2014
Manizales,2014
Manizales,2014
Manizales,2014
Manizales,2014
Manizales,2014
Manizales,2014
Manizales,2014
Manizales,2014
Manizales,2014
Manizales,2014
Manizales,2014
Manizales,2014
Manizales,2014
Manizales,2014
Manizales,2014
Manizales,2014
Manizales,2014
Manizales,2014
Manizales,2014
Manizales,2014
Manizales,2014
Manizales,2014
Manizales,2014
Manizales,2014
Manizales,2014
Manizales,2014
Manizales,2014
Manizales,2014
Manizales,2014
Manizales,2014
Manizales,2014
Manizales,2014
Manizales,2014
Manizales,2014
Manizales,2014
Manizales,2014
Manizales,2014
Manizales,2014
Manizales,2014
Manizales,2014
Manizales,2014
Manizales,2014
Manizales,2014
Manizales,2014
Manizales,2014
Manizales,2014
Manizales,2014
Manizales,2014
Manizales,2014
Manizales,2014
Manizales,2014
Manizales,2014
Manizales,2014
Manizales,2014
Manizales,2014
Manizales,2014
Manizales,2014
Manizales,2014
Manizales,2014
Manizales,2014
Manizales,2014
Manizales,2014
Manizales,2014
Manizales,2014
Manizales,2014
Manizales,2014
Manizales,2014
Manizales,2014
Manizales,2014
Manizales,2014
Manizales,2014
Manizales,2014
Manizales,2014
Manizales,2014
Manizales,2014
Manizales,2014
Manizales,2014
Manizales,2014
Manizales,2014
Manizales,2014
Manizales,2014
Manizales,2014
Manizales,2014
Manizales,2014
Manizales,2014
Manizales,2014
Manizales,2014
Manizales,2014
Manizales,2014
Manizales,2014
Manizales,2014
Manizales,2014
Manizales,2014
Manizales,2014
Manizales,2014
Manizales,2014
Manizales,2014
Manizales,2014
Manizales,2014
Manizales,2014
Manizales,2014
Manizales,2014
Manizales,2014
Manizales,2014
Manizales,2014
Manizales,2014
Manizales,2014
Manizales,2014
Manizales,2014
Manizales,2014
Manizales,2014
Manizales,2014
Manizales,2014
Manizales,2014
Manizales,2014
Manizales,2014
Manizales,2014
Manizales,2014
Manizales,2014
Manizales,2014
Manizales,2014
Manizales,2014
Manizales,2014
Manizales,2014
Manizales,2014
Manizales,2014
Manizales,2014
Manizales,2014
Manizales,2014
Manizales,2014
Manizales,2014
Manizales,2014
Manizales,2014
Manizales,2014
Manizales,2014
Manizales,2014
Manizales,2014
Manizales,2014
Manizales,2014
Manizales,2014
Manizales,2014
Manizales,2014
Manizales,2014
Manizales,2014
Manizales,2014
Manizales,2014
Manizales,2014
Manizales,2014
Manizales,2014
Manizales,2014
Manizales,2014
Manizales,2014
Manizales,2014
Manizales,2014
Manizales,2014
Manizales,2014
Manizales,2014
Manizales,2014
Manizales,2014
Manizales,2014
Manizales,2014
Manizales,2014
Manizales,2014
Manizales,2014
Manizales,2014
Manizales,2014
Manizales,2014
Manizales,2014
Manizales,2014
Manizales,2014
Manizales,2014
Manizales,2014
Manizales,2014
Manizales,2014
Manizales,2014
Manizales,2014
Manizales,2014
Manizales,2014
Manizales,2014
Manizales,2014
Manizales,2014
Manizales,2014
Manizales,2014
Manizales,2014
Manizales,2014
Manizales,2014
Manizales,2014
Manizales,2014
Manizales,2014
Manizales,2014
Manizales,2014
Manizales,2014
Manizales,2014
Manizales,2014
Manizales,2014
Manizales,2014
Manizales,2014
Manizales,2014
Manizales,2014
Manizales,2014
Manizales,2014
Manizales,2014
Manizales,2014
Manizales,2014
Manizales,2014
Manizales,2014
Manizales,2014
Manizales,2014
Manizales,2014
Manizales,2014
Manizales,2014
Manizales,2014
Manizales,2014
Manizales,2014
Manizales,2014
Manizales,2014
Manizales,2014
Manizales,2014
Manizales,2014
Manizales,2014
Manizales,2014
Manizales,2014
Manizales,2014
Manizales,2014
Manizales,2014
Manizales,2014
Manizales,2014
Manizales,2014
Manizales,2014
Manizales,2014
Manizales,2014
Manizales,2014
Manizales,2014
Manizales,2014
Manizales,2014
Manizales,2014
Manizales,2014
Manizales,2014
Manizales,2014
Manizales,2014
Manizales,2014
Manizales,2014
Manizales,2014
Manizales,2014
Manizales,2014
Manizales,2014
Manizales,2014
Manizales,2014
Manizales,2014
Manizales,2014
Manizales,2014
Manizales,2014
Manizales,2014
Manizales,2014
Manizales,2014
Manizales,2014
Manizales,2014
Manizales,2014
Manizales,2014
Manizales,2014
Manizales,2014
Manizales,2014
Manizales,2014
Manizales,2014
Manizales,2014
Manizales,2014
Manizales,2014
Manizales,2014
Manizales,2014
Manizales,2014
Manizales,2014
Manizales,2014
Manizales,2014
Manizales,2014
Manizales,2014
Manizales,2014
Manizales,2014
Manizales,2014
Manizales,2014
Manizales,2014
Manizales,2014
Manizales,2014
Manizales,2014
Manizales,2014
Manizales,2014
Manizales,2014
Manizales,2014
Manizales,2014
Manizales,2014
Manizales,2014
Manizales,2014
Manizales,2014
Manizales,2014
Manizales,2014
Manizales,2014
Manizales,2014
Manizales,2014
Manizales,2014
Manizales,2014
Manizales,2014
Manizales,2014
Manizales,2014
Manizales,2014
Manizales,2014
Manizales,2014
Manizales,2014
Manizales,2014
Manizales,2014
Manizales,2014
Manizales,2014
Manizales,2014
Manizales,2014
Manizales,2014
Manizales,2014
Manizales,2014
Manizales,2014
Manizales,2014
Manizales,2014
Manizales,2014
Manizales,2014
Manizales,2014
Manizales,2014
Manizales,2014
Manizales,2014
Manizales,2014
Manizales,2014
Manizales,2014
Manizales,2014
Manizales,2014
Manizales,2014
Manizales,2014
Manizales,2014
Manizales,2014
Manizales,2014
Manizales,2014
Manizales,2014
Manizales,2014
Manizales,2014
Manizales,2014
Manizales,2014
Manizales,2014
Manizales,2014
Manizales,2014
Manizales,2014
Manizales,2014
Manizales,2014
Manizales,2014
Manizales,2014
Manizales,2014
Manizales,2014
Manizales,2014
Manizales,2014
Manizales,2014
Manizales,2014
Manizales,2014
Manizales,2014
Manizales,2014
Manizales,2014
Manizales,2014
Manizales,2014
Manizales,2014
Manizales,2014
Manizales,2014
Manizales,2014
Manizales,2014
Manizales,2014
Manizales,2014
Manizales,2014
Manizales,2014
Manizales,2014
Manizales,2014
Manizales,2014
Manizales,2014
Manizales,2014
Manizales,2014
Manizales,2014
Manizales,2014
Manizales,2014
Manizales,2014
Manizales,2014
Manizales,2014
Manizales,2014
Manizales,2014
Manizales,2014
Manizales,2014
Manizales,2014
Manizales,2014
Manizales,2014
Manizales,2014
Manizales,2014
Manizales,2014
Manizales,2014
Manizales,2014
Manizales,2014
Manizales,2014
Manizales,2014
Manizales,2014
Manizales,2014
Manizales,2014
Manizales,2014
Manizales,2014
Manizales,2014
Manizales,2014
Manizales,2014
Manizales,2014
Manizales,2014
Manizales,2014
Manizales,2014
Manizales,2014
Manizales,2014
Manizales,2014
Manizales,2014
Manizales,2014
Manizales,2014
Manizales,2014
Manizales,2014
Manizales,2014
Manizales,2014
Manizales,2014
Manizales,2014
Manizales,2014
Manizales,2014
Manizales,2014
Manizales,2014
Manizales,2014
Manizales,2014
Manizales,2014
Manizales,2014
Manizales,2014
Manizales,2014
Manizales,2014
Manizales,2014
Manizales,2014
Manizales,2014
Manizales,2014
Manizales,2014
Manizales,2014
Manizales,2014
Manizales,2014
Manizales,2014
Manizales,2014
Manizales,2014
Manizales,2014
Manizales,2014
Manizales,2014
Manizales,2014
Manizales,2014
Manizales,2014
Manizales,2014
Manizales,2014
Manizales,2014
Manizales,2014
Manizales,2014
Manizales,2014
Manizales,2014
Manizales,2014
Manizales,2014
Manizales,2014
Manizales,2014
Manizales,2014
Manizales,2014
Manizales,2014
Manizales,2014
Manizales,2014
Manizales,2014
Manizales,2014
Manizales,2014
Manizales,2014
Manizales,2014
Manizales,2014
Manizales,2014
Manizales,2014
Manizales,2014
Manizales,2014
Manizales,2014
Manizales,2014
Manizales,2014
Manizales,2014
Manizales,2014
Manizales,2014
Manizales,2014
Manizales,2014
Manizales,2014
Manizales,2014
Manizales,2014
Manizales,2014
Manizales,2014
Manizales,2014
Manizales,2014
Manizales,2014
Manizales,2015
Manizales,2015
Manizales,2015
Manizales,2015
Manizales,2015
Manizales,2015
Manizales,2015
Manizales,2015
Manizales,2015
Manizales,2015
Manizales,2015
Manizales,2015
Manizales,2015
Manizales,2015
Manizales,2015
Manizales,2015
Manizales,2015
Manizales,2015
Manizales,2015
Manizales,2015
Manizales,2015
Manizales,2015
Manizales,2015
Manizales,2015
Manizales,2015
Manizales,2015
Manizales,2015
Manizales,2015
Manizales,2015
Manizales,2015
Manizales,2015
Manizales,2015
Manizales,2015
Manizales,2015
Manizales,2015
Manizales,2015
Manizales,2015
Manizales,2015
Manizales,2015
Manizales,2015
Manizales,2015
Manizales,2015
Manizales,2015
Manizales,2015
Manizales,2015
Manizales,2015
Manizales,2015
Manizales,2015
Manizales,2015
Manizales,2015
Manizales,2015
Manizales,2015
Manizales,2015
Manizales,2015
Manizales,2015
Manizales,2015
Manizales,2015
Manizales,2015
Manizales,2015
Manizales,2015
Manizales,2015
Manizales,2015
Manizales,2015
Manizales,2015
Manizales,2015
Manizales,2015
Manizales,2015
Manizales,2015
Manizales,2015
Manizales,2015
Manizales,2015
Manizales,2015
Manizales,2015
Manizales,2015
Manizales,2015
Manizales,2015
Manizales,2015
Manizales,2015
Manizales,2015
Manizales,2015
Manizales,2015
Manizales,2015
Manizales,2015
Manizales,2015
Manizales,2015
Manizales,2015
Manizales,2015
Manizales,2015
Manizales,2015
Manizales,2015
Manizales,2015
Manizales,2015
Manizales,2015
Manizales,2015
Manizales,2015
Manizales,2015
Manizales,2015
Manizales,2015
Manizales,2015
Manizales,2015
Manizales,2015
Manizales,2015
Manizales,2015
Manizales,2015
Manizales,2015
Manizales,2015
Manizales,2015
Manizales,2015
Manizales,2015
Manizales,2015
Manizales,2015
Manizales,2015
Manizales,2015
Manizales,2015
Manizales,2015
Manizales,2015
Manizales,2015
Manizales,2015
Manizales,2015
Manizales,2015
Manizales,2015
Manizales,2015
Manizales,2015
Manizales,2015
Manizales,2015
Manizales,2015
Manizales,2015
Manizales,2015
Manizales,2015
Manizales,2015
Manizales,2015
Manizales,2015
Manizales,2015
Manizales,2015
Manizales,2015
Manizales,2015
Manizales,2015
Manizales,2015
Manizales,2015
Manizales,2015
Manizales,2015
Manizales,2015
Manizales,2015
Manizales,2015
Manizales,2015
Manizales,2015
Manizales,2015
Manizales,2015
Manizales,2015
Manizales,2015
Manizales,2015
Manizales,2015
Manizales,2015
Manizales,2015
Manizales,2015
Manizales,2015
Manizales,2015
Manizales,2015
Manizales,2015
Manizales,2015
Manizales,2015
Manizales,2015
Manizales,2015
Manizales,2015
Manizales,2015
Manizales,2015
Manizales,2015
Manizales,2015
Manizales,2015
Manizales,2015
Manizales,2015
Manizales,2015
Manizales,2015
Manizales,2015
Manizales,2015
Manizales,2015
Manizales,2015
Manizales,2015
Manizales,2015
Manizales,2015
Manizales,2015
Manizales,2015
Manizales,2015
Manizales,2015
Manizales,2015
Manizales,2015
Manizales,2015
Manizales,2015
Manizales,2015
Manizales,2015
Manizales,2015
Manizales,2015
Manizales,2015
Manizales,2015
Manizales,2015
Manizales,2015
Manizales,2015
Manizales,2015
Manizales,2015
Manizales,2015
Manizales,2015
Manizales,2015
Manizales,2015
Manizales,2015
Manizales,2015
Manizales,2015
Manizales,2015
Manizales,2015
Manizales,2015
Manizales,2015
Manizales,2015
Manizales,2015
Manizales,2015
Manizales,2015
Manizales,2015
Manizales,2015
Manizales,2015
Manizales,2015
Manizales,2015
Manizales,2015
Manizales,2015
Manizales,2015
Manizales,2015
Manizales,2015
Manizales,2015
Manizales,2015
Manizales,2015
Manizales,2015
Manizales,2015
Manizales,2015
Manizales,2015
Manizales,2015
Manizales,2015
Manizales,2015
Manizales,2015
Manizales,2015
Manizales,2015
Manizales,2015
Manizales,2015
Manizales,2015
Manizales,2015
Manizales,2015
Manizales,2015
Manizales,2015
Manizales,2015
Manizales,2015
Manizales,2015
Manizales,2015
Manizales,2015
Manizales,2015
Manizales,2015
Manizales,2015
Manizales,2015
Manizales,2015
Manizales,2015
Manizales,2015
Manizales,2015
Manizales,2015
Manizales,2015
Manizales,2015
Manizales,2015
Manizales,2015
Manizales,2015
Manizales,2015
Manizales,2015
Manizales,2015
Manizales,2015
Manizales,2015
Manizales,2015
Manizales,2015
Manizales,2015
Manizales,2015
Manizales,2015
Manizales,2015
Manizales,2015
Manizales,2015
Manizales,2015
Manizales,2015
Manizales,2015
Manizales,2015
Manizales,2015
Manizales,2015
Manizales,2015
Manizales,2015
Manizales,2015
Manizales,2015
Manizales,2015
Manizales,2015
Manizales,2015
Manizales,2015
Manizales,2015
Manizales,2015
Manizales,2015
Manizales,2015
Manizales,2015
Manizales,2015
Manizales,2015
Manizales,2015
Manizales,2015
Manizales,2015
Manizales,2015
Manizales,2015
Manizales,2015
Manizales,2015
Manizales,2015
Manizales,2015
Manizales,2015
Manizales,2015
Manizales,2015
Manizales,2015
Manizales,2015
Manizales,2015
Manizales,2015
Manizales,2015
Manizales,2015
Manizales,2015
Manizales,2015
Manizales,2015
Manizales,2015
Manizales,2015
Manizales,2015
Manizales,2015
Manizales,2015
Manizales,2015
Manizales,2015
Manizales,2015
Manizales,2015
Manizales,2015
Manizales,2015
Manizales,2015
Manizales,2015
Manizales,2015
Manizales,2015
Manizales,2015
Manizales,2015
Manizales,2015
Manizales,2015
Manizales,2015
Manizales,2015
Manizales,2015
Manizales,2015
Manizales,2015
Manizales,2015
Manizales,2015
Manizales,2015
Manizales,2015
Manizales,2015
Manizales,2015
Manizales,2015
Manizales,2015
Manizales,2015
Manizales,2015
Manizales,2015
Manizales,2015
Manizales,2015
Manizales,2015
Manizales,2015
Manizales,2015
Manizales,2015
Manizales,2015
Manizales,2015
Manizales,2015
Manizales,2015
Manizales,2015
Manizales,2015
Manizales,2015
Manizales,2015
Manizales,2015
Manizales,2015
Manizales,2015
Manizales,2015
Manizales,2015
Manizales,2015
Manizales,2015
Manizales,2015
Manizales,2015
Manizales,2015
Manizales,2015
Manizales,2015
Manizales,2015
Manizales,2015
Manizales,2015
Manizales,2015
Manizales,2015
Manizales,2015
Manizales,2015
Manizales,2015
Manizales,2015
Manizales,2015
Manizales,2015
Manizales,2015
Manizales,2015
Manizales,2015
Manizales,2015
Manizales,2015
Manizales,2015
Manizales,2015
Manizales,2015
Manizales,2015
Manizales,2015
Manizales,2015
Manizales,2015
Manizales,2015
Manizales,2015
Manizales,2015
Manizales,2015
Manizales,2015
Manizales,2015
Manizales,2015
Manizales,2015
Manizales,2015
Manizales,2015
Manizales,2015
Manizales,2015
Manizales,2015
Manizales,2015
Manizales,2015
Manizales,2015
Manizales,2015
Manizales,2015
Manizales,2015
Manizales,2015
Manizales,2015
Manizales,2015
Manizales,2015
Manizales,2015
Manizales,2015
Manizales,2015
Manizales,2015
Manizales,2015
Manizales,2015
Manizales,2015
Manizales,2015
Manizales,2015
Manizales,2015
Manizales,2015
Manizales,2015
Manizales,2015
Manizales,2015
Manizales,2015
Manizales,2015
Manizales,2015
Manizales,2015
Manizales,2015
Manizales,2015
Manizales,2015
Manizales,2015
Manizales,2015
Manizales,2015
Manizales,2015
Manizales,2015
Manizales,2015
Manizales,2015
Manizales,2015
Manizales,2015
Manizales,2015
Manizales,2015
Manizales,2015
Manizales,2015
Manizales,2015
Manizales,2015
Manizales,2015
Manizales,2015
Manizales,2015
Manizales,2015
Manizales,2015
Manizales,2015
Manizales,2015
Manizales,2015
Manizales,2015
Manizales,2015
Manizales,2015
Manizales,2015
Manizales,2015
Manizales,2015
Manizales,2015
Manizales,2015
Manizales,2015
Manizales,2015
Manizales,2015
Manizales,2015
Manizales,2015
Manizales,2015
Manizales,2015
Manizales,2015
Manizales,2015
Manizales,2015
Manizales,2015
Manizales,2015
Manizales,2015
Manizales,2015
Manizales,2015
Manizales,2015
Manizales,2015
Manizales,2015
Manizales,2015
Manizales,2015
Manizales,2015
Manizales,2015
Manizales,2015
Manizales,2015
Manizales,2015
Manizales,2015
Manizales,2015
Manizales,2015
Manizales,2015
Manizales,2015
Manizales,2015
Manizales,2015
Manizales,2015
Manizales,2015
Manizales,2015
Manizales,2015
Manizales,2015
Manizales,2015
Manizales,2015
Manizales,2015
Manizales,2015
Manizales,2015
Manizales,2015
Manizales,2015
Manizales,2015
Manizales,2015
Manizales,2015
Manizales,2015
Manizales,2015
Manizales,2015
Manizales,2015
Manizales,2015
Manizales,2015
Manizales,2015
Manizales,2015
Manizales,2015
Manizales,2015
Manizales,2015
Manizales,2015
Manizales,2015
Manizales,2015
Manizales,2015
Manizales,2015
Manizales,2015
Manizales,2015
Manizales,2015
Manizales,2015
Manizales,2015
Manizales,2015
Manizales,2015
Manizales,2015
Manizales,2015
Manizales,2015
Manizales,2015
Manizales,2015
Manizales,2015
Manizales,2015
Manizales,2015
Manizales,2015
Manizales,2015
Manizales,2015
Manizales,2015
Manizales,2015
Manizales,2015
Manizales,2015
Manizales,2015
Manizales,2015
Manizales,2015
Manizales,2015
Manizales,2015
Manizales,2015
Manizales,2015
Manizales,2015
Manizales,2015
Manizales,2015
Manizales,2015
Manizales,2015
Manizales,2015
Manizales,2015
Manizales,2015
Manizales,2015
Manizales,2015
Manizales,2015
Manizales,2015
Manizales,2015
Manizales,2015
Manizales,2015
Manizales,2015
Manizales,2015
Manizales,2015
Manizales,2015
Manizales,2015
Manizales,2015
Manizales,2015
Manizales,2015
Manizales,2015
Manizales,2015
Manizales,2015
Manizales,2015
Manizales,2015
Manizales,2015
Manizales,2015
Manizales,2015
Manizales,2015
Manizales,2015
Manizales,2015
Manizales,2015
Manizales,2015
Manizales,2015
Manizales,2015
Manizales,2015
Manizales,2015
Manizales,2015
Manizales,2015
Manizales,2015
Manizales,2015
Manizales,2015
Manizales,2015
Manizales,2015
Manizales,2015
Manizales,2015
Manizales,2015
Manizales,2015
Manizales,2015
Manizales,2015
Manizales,2015
Manizales,2015
Manizales,2015
Manizales,2015
Manizales,2015
Manizales,2015
Manizales,2015
Manizales,2015
Manizales,2015
Manizales,2015
Manizales,2015
Manizales,2015
Manizales,2015
Manizales,2015
Manizales,2015
Manizales,2015
Manizales,2015
Manizales,2015
Manizales,2015
Manizales,2015
Manizales,2015
Manizales,2015
Manizales,2015
Manizales,2015
Manizales,2015
Manizales,2015
Manizales,2015
Manizales,2015
Manizales,2015
Manizales,2015
Manizales,2015
Manizales,2015
Manizales,2015
Manizales,2015
Manizales,2015
Manizales,2015
Manizales,2015
Manizales,2015
Manizales,2015
Manizales,2015
Manizales,2015
Manizales,2015
Manizales,2015
Manizales,2015
Manizales,2015
Manizales,2015
Manizales,2015
Manizales,2015
Manizales,2015
Manizales,2015
Manizales,2015
Manizales,2015
Manizales,2015
Manizales,2015
Manizales,2015
Manizales,2015
Manizales,2015
Manizales,2015
Manizales,2015
Manizales,2015
Manizales,2015
Manizales,2015
Manizales,2015
Manizales,2015
Manizales,2015
Manizales,2015
Manizales,2015
Manizales,2015
Manizales,2015
Manizales,2015
Manizales,2015
Manizales,2015
Manizales,2015
Manizales,2015
Manizales,2015
Manizales,2015
Manizales,2015
Manizales,2015
Manizales,2015
Manizales,2015
Manizales,2015
Manizales,2015
Manizales,2015
Manizales,2015
Manizales,2015
Manizales,2015
Manizales,2015
Manizales,2015
Manizales,2015
Manizales,2015
Manizales,2015
Manizales,2015
Manizales,2015
Manizales,2015
Manizales,2015
Manizales,2015
Manizales,2015
Manizales,2015
Manizales,2015
Manizales,2015
Manizales,2015
Manizales,2015
Manizales,2015
Manizales,2015
Manizales,2015
Manizales,2015
Manizales,2015
Manizales,2015
Manizales,2015
Manizales,2015
Manizales,2015
Manizales,2015
Manizales,2015
Manizales,2015
Manizales,2015
Manizales,2015
Manizales,2015
Manizales,2015
Manizales,2015
Manizales,2015
Manizales,2015
Manizales,2015
Manizales,2015
Manizales,2015
Manizales,2015
Manizales,2015
Manizales,2015
Manizales,2015
Manizales,2015
Manizales,2015
Manizales,2015
Manizales,2015
Manizales,2015
Manizales,2015
Manizales,2015
Manizales,2015
Manizales,2015
Manizales,2015
Manizales,2015
Manizales,2015
Manizales,2015
Manizales,2015
Manizales,2015
Manizales,2015
Manizales,2015
Manizales,2015
Manizales,2015
Manizales,2015
Manizales,2015
Manizales,2015
Manizales,2015
Manizales,2015
Manizales,2015
Manizales,2015
Manizales,2015
Manizales,2015
Manizales,2015
Manizales,2015
Manizales,2015
Manizales,2015
Manizales,2015
Manizales,2015
Manizales,2015
Manizales,2015
Manizales,2015
Manizales,2015
Manizales,2015
Manizales,2015
Manizales,2015
Manizales,2015
Manizales,2015
Manizales,2015
Manizales,2015
Manizales,2015
Manizales,2015
Manizales,2015
Manizales,2015
Manizales,2015
Manizales,2015
Manizales,2015
Manizales,2015
Manizales,2015
Manizales,2015
Manizales,2015
Manizales,2015
Manizales,2015
Manizales,2015
Manizales,2015
Manizales,2015
Manizales,2015
Manizales,2015
Manizales,2015
Manizales,2015
Manizales,2015
Manizales,2015
Manizales,2015
Manizales,2015
Manizales,2015
Manizales,2015
Manizales,2015
Manizales,2015
Manizales,2015
Manizales,2015
Manizales,2015
Manizales,2015
Manizales,2015
Manizales,2015
Manizales,2015
Manizales,2015
Manizales,2015
Manizales,2015
Manizales,2015
Manizales,2015
Manizales,2015
Manizales,2015
Manizales,2015
Manizales,2015
Manizales,2015
Manizales,2015
Manizales,2015
Manizales,2015
Manizales,2015
Manizales,2015
Manizales,2015
Manizales,2015
Manizales,2015
Manizales,2015
Manizales,2015
Manizales,2015
Manizales,2015
Manizales,2015
Manizales,2015
Manizales,2015
Manizales,2015
Manizales,2015
Manizales,2015
Manizales,2015
Manizales,2015
Manizales,2015
Manizales,2015
Manizales,2015
Manizales,2015
Manizales,2015
Manizales,2015
Manizales,2015
Manizales,2015
Manizales,2015
Manizales,2015
Manizales,2015
Manizales,2015
Manizales,2015
Manizales,2015
Manizales,2015
Manizales,2015
Manizales,2015
Manizales,2015
Manizales,2015
Manizales,2015
Manizales,2015
Manizales,2015
Manizales,2015
Manizales,2015
Manizales,2015
Manizales,2015
Manizales,2015
Manizales,2015
Manizales,2015
Manizales,2015
Manizales,2015
Manizales,2015
Manizales,2015
Manizales,2015
Manizales,2015
Manizales,2015
Manizales,2015
Manizales,2015
Manizales,2015
Manizales,2015
Manizales,2015
Manizales,2015
Manizales,2015
Manizales,2015
Manizales,2015
Manizales,2015
Manizales,2015
Manizales,2015
Manizales,2015
Manizales,2015
Manizales,2015
Manizales,2015
Manizales,2015
Manizales,2015
Manizales,2015
Manizales,2015
Manizales,2015
Manizales,2015
Manizales,2015
Manizales,2015
Manizales,2015
Manizales,2015
Manizales,2015
Manizales,2015
Manizales,2015
Manizales,2015
Manizales,2015
Manizales,2015
Manizales,2015
Manizales,2015
Manizales,2015
Manizales,2015
Manizales,2015
Manizales,2015
Manizales,2015
Manizales,2015
Manizales,2015
Manizales,2015
Manizales,2015
Manizales,2015
Manizales,2015
Manizales,2015
Manizales,2015
Manizales,2015
Manizales,2015
Manizales,2015
Manizales,2015
Manizales,2015
Manizales,2015
Manizales,2015
Manizales,2015
Manizales,2015
Manizales,2015
Manizales,2015
Manizales,2015
Manizales,2015
Manizales,2015
Manizales,2015
Manizales,2015
Manizales,2015
Manizales,2015
Manizales,2015
Manizales,2015
Manizales,2015
Manizales,2015
Manizales,2015
Manizales,2015
Manizales,2015
Manizales,2015
Manizales,2015
Manizales,2015
Manizales,2015
Manizales,2015
Manizales,2015
Manizales,2015
Manizales,2015
Manizales,2015
Manizales,2015
Manizales,2015
Manizales,2015
Manizales,2015
Manizales,2015
Manizales,2015
Manizales,2015
Manizales,2015
Manizales,2015
Manizales,2015
Manizales,2015
Manizales,2015
Manizales,2015
Manizales,2015
Manizales,2015
Manizales,2015
Manizales,2015
Manizales,2015
Manizales,2015
Manizales,2015
Manizales,2015
Manizales,2015
Manizales,2015
Manizales,2015
Manizales,2015
Manizales,2015
Manizales,2015
Manizales,2015
Manizales,2015
Manizales,2015
Manizales,2015
Manizales,2015
Manizales,2015
Manizales,2015
Manizales,2015
Manizales,2015
Manizales,2015
Manizales,2015
Manizales,2015
Manizales,2015
Manizales,2015
Manizales,2015
Manizales,2015
Manizales,2015
Manizales,2015
Manizales,2015
Manizales,2015
Manizales,2015
Manizales,2015
Manizales,2015
Manizales,2015
Manizales,2015
Manizales,2015
Manizales,2015
Manizales,2015
Manizales,2015
Manizales,2015
Manizales,2015
Manizales,2015
Manizales,2015
Manizales,2015
Manizales,2015
Manizales,2015
Manizales,2015
Manizales,2015
Manizales,2015
Manizales,2015
Manizales,2015
Manizales,2015
Manizales,2015
Manizales,2015
Manizales,2015
Manizales,2015
Manizales,2015
Manizales,2015
Manizales,2015
Manizales,2015
Manizales,2015
Manizales,2015
Manizales,2015
Manizales,2015
Manizales,2015
Manizales,2015
Manizales,2016
Manizales,2016
Manizales,2016
Manizales,2016
Manizales,2016
Manizales,2016
Manizales,2016
Manizales,2016
Manizales,2016
Manizales,2016
Manizales,2016
Manizales,2016
Manizales,2016
Manizales,2016
Manizales,2016
Manizales,2016
Manizales,2016
Manizales,2016
Manizales,2016
Manizales,2016
Manizales,2016
Manizales,2016
Manizales,2016
Manizales,2016
Manizales,2016
Manizales,2016
Manizales,2016
Manizales,2016
Manizales,2016
Manizales,2016
Manizales,2016
Manizales,2016
Manizales,2016
Manizales,2016
Manizales,2016
Manizales,2016
Manizales,2016
Manizales,2016
Manizales,2016
Manizales,2016
Manizales,2016
Manizales,2016
Manizales,2016
Manizales,2016
Manizales,2016
Manizales,2016
Manizales,2016
Manizales,2016
Manizales,2016
Manizales,2016
Manizales,2016
Manizales,2016
Manizales,2016
Manizales,2016
Manizales,2016
Manizales,2016
Manizales,2016
Manizales,2016
Manizales,2016
Manizales,2016
Manizales,2016
Manizales,2016
Manizales,2016
Manizales,2016
Manizales,2016
Manizales,2016
Manizales,2016
Manizales,2016
Manizales,2016
Manizales,2016
Manizales,2016
Manizales,2016
Manizales,2016
Manizales,2016
Manizales,2016
Manizales,2016
Manizales,2016
Manizales,2016
Manizales,2016
Manizales,2016
Manizales,2016
Manizales,2016
Manizales,2016
Manizales,2016
Manizales,2016
Manizales,2016
Manizales,2016
Manizales,2016
Manizales,2016
Manizales,2016
Manizales,2016
Manizales,2016
Manizales,2016
Manizales,2016
Manizales,2016
Manizales,2016
Manizales,2016
Manizales,2016
Manizales,2016
Manizales,2016
Manizales,2016
Manizales,2016
Manizales,2016
Manizales,2016
Manizales,2016
Manizales,2016
Manizales,2016
Manizales,2016
Manizales,2016
Manizales,2016
Manizales,2016
Manizales,2016
Manizales,2016
Manizales,2016
Manizales,2016
Manizales,2016
Manizales,2016
Manizales,2016
Manizales,2016
Manizales,2016
Manizales,2016
Manizales,2016
Manizales,2016
Manizales,2016
Manizales,2016
Manizales,2016
Manizales,2016
Manizales,2016
Manizales,2016
Manizales,2016
Manizales,2016
Manizales,2016
Manizales,2016
Manizales,2016
Manizales,2016
Manizales,2016
Manizales,2016
Manizales,2016
Manizales,2016
Manizales,2016
Manizales,2016
Manizales,2016
Manizales,2016
Manizales,2016
Manizales,2016
Manizales,2016
Manizales,2016
Manizales,2016
Manizales,2016
Manizales,2016
Manizales,2016
Manizales,2016
Manizales,2016
Manizales,2016
Manizales,2016
Manizales,2016
Manizales,2016
Manizales,2016
Manizales,2016
Manizales,2016
Manizales,2016
Manizales,2016
Manizales,2016
Manizales,2016
Manizales,2016
Manizales,2016
Manizales,2016
Manizales,2016
Manizales,2016
Manizales,2016
Manizales,2016
Manizales,2016
Manizales,2016
Manizales,2016
Manizales,2016
Manizales,2016
Manizales,2016
Manizales,2016
Manizales,2016
Manizales,2016
Manizales,2016
Manizales,2016
Manizales,2016
Manizales,2016
Manizales,2016
Manizales,2016
Manizales,2016
Manizales,2016
Manizales,2016
Manizales,2016
Manizales,2016
Manizales,2016
Manizales,2016
Manizales,2016
Manizales,2016
Manizales,2016
Manizales,2016
Manizales,2016
Manizales,2016
Manizales,2016
Manizales,2016
Manizales,2016
Manizales,2016
Manizales,2016
Manizales,2016
Manizales,2016
Manizales,2016
Manizales,2016
Manizales,2016
Manizales,2016
Manizales,2016
Manizales,2016
Manizales,2016
Manizales,2016
Manizales,2016
Manizales,2016
Manizales,2016
Manizales,2016
Manizales,2016
Manizales,2016
Manizales,2016
Manizales,2016
Manizales,2016
Manizales,2016
Manizales,2016
Manizales,2016
Manizales,2016
Manizales,2016
Manizales,2016
Manizales,2016
Manizales,2016
Manizales,2016
Manizales,2016
Manizales,2016
Manizales,2016
Manizales,2016
Manizales,2016
Manizales,2016
Manizales,2016
Manizales,2016
Manizales,2016
Manizales,2016
Manizales,2016
Manizales,2016
Manizales,2016
Manizales,2016
Manizales,2016
Manizales,2016
Manizales,2016
Manizales,2016
Manizales,2016
Manizales,2016
Manizales,2016
Manizales,2016
Manizales,2016
Manizales,2016
Manizales,2016
Manizales,2016
Manizales,2016
Manizales,2016
Manizales,2016
Manizales,2016
Manizales,2016
Manizales,2016
Manizales,2016
Manizales,2016
Manizales,2016
Manizales,2016
Manizales,2016
Manizales,2016
Manizales,2016
Manizales,2016
Manizales,2016
Manizales,2016
Manizales,2016
Manizales,2016
Manizales,2016
Manizales,2016
Manizales,2016
Manizales,2016
Manizales,2016
Manizales,2016
Manizales,2016
Manizales,2016
Manizales,2016
Manizales,2016
Manizales,2016
Manizales,2016
Manizales,2016
Manizales,2016
Manizales,2016
Manizales,2016
Manizales,2016
Manizales,2016
Manizales,2016
Manizales,2016
Manizales,2016
Manizales,2016
Manizales,2016
Manizales,2016
Manizales,2016
Manizales,2016
Manizales,2016
Manizales,2016
Manizales,2016
Manizales,2016
Manizales,2016
Manizales,2016
Manizales,2016
Manizales,2016
Manizales,2016
Manizales,2016
Manizales,2016
Manizales,2016
Manizales,2016
Manizales,2016
Manizales,2016
Manizales,2016
Manizales,2016
Manizales,2016
Manizales,2016
Manizales,2016
Manizales,2016
Manizales,2016
Manizales,2016
Manizales,2016
Manizales,2016
Manizales,2016
Manizales,2016
Manizales,2016
Manizales,2016
Manizales,2016
Manizales,2016
Manizales,2016
Manizales,2016
Manizales,2016
Manizales,2016
Manizales,2016
Manizales,2016
Manizales,2016
Manizales,2016
Manizales,2016
Manizales,2016
Manizales,2016
Manizales,2016
Manizales,2016
Manizales,2016
Manizales,2016
Manizales,2016
Manizales,2016
Manizales,2016
Manizales,2016
Manizales,2016
Manizales,2016
Manizales,2016
Manizales,2016
Manizales,2016
Manizales,2016
Manizales,2016
Manizales,2016
Manizales,2016
Manizales,2016
Manizales,2016
Manizales,2016
Manizales,2016
Manizales,2016
Manizales,2016
Manizales,2016
Manizales,2016
Manizales,2016
Manizales,2016
Manizales,2016
Manizales,2016
Manizales,2016
Manizales,2016
Manizales,2016
Manizales,2016
Manizales,2016
Manizales,2016
Manizales,2016
Manizales,2016
Manizales,2016
Manizales,2016
Manizales,2016
Manizales,2016
Manizales,2016
Manizales,2016
Manizales,2016
Manizales,2016
Manizales,2016
Manizales,2016
Manizales,2016
Manizales,2016
Manizales,2016
Manizales,2016
Manizales,2016
Manizales,2016
Manizales,2016
Manizales,2016
Manizales,2016
Manizales,2016
Manizales,2016
Manizales,2016
Manizales,2016
Manizales,2016
Manizales,2016
Manizales,2016
Manizales,2016
Manizales,2016
Manizales,2016
Manizales,2016
Manizales,2016
Manizales,2016
Manizales,2016
Manizales,2016
Manizales,2016
Manizales,2016
Manizales,2016
Manizales,2016
Manizales,2016
Manizales,2016
Manizales,2016
Manizales,2016
Manizales,2016
Manizales,2016
Manizales,2016
Manizales,2016
Manizales,2016
Manizales,2016
Manizales,2016
Manizales,2016
Manizales,2016
Manizales,2016
Manizales,2016
Manizales,2016
Manizales,2016
Manizales,2016
Manizales,2016
Manizales,2016
Manizales,2016
Manizales,2016
Manizales,2016
Manizales,2016
Manizales,2016
Manizales,2016
Manizales,2016
Manizales,2016
Manizales,2016
Manizales,2016
Manizales,2016
Manizales,2016
Manizales,2016
Manizales,2016
Manizales,2016
Manizales,2016
Manizales,2016
Manizales,2016
Manizales,2016
Manizales,2016
Manizales,2016
Manizales,2016
Manizales,2016
Manizales,2016
Manizales,2016
Manizales,2016
Manizales,2016
Manizales,2016
Manizales,2016
Manizales,2016
Manizales,2016
Manizales,2016
Manizales,2016
Manizales,2016
Manizales,2016
Manizales,2016
Manizales,2016
Manizales,2016
Manizales,2016
Manizales,2016
Manizales,2016
Manizales,2016
Manizales,2016
Manizales,2016
Manizales,2016
Manizales,2016
Manizales,2016
Manizales,2016
Manizales,2016
Manizales,2016
Manizales,2016
Manizales,2016
Manizales,2016
Manizales,2016
Manizales,2016
Manizales,2016
Manizales,2016
Manizales,2016
Manizales,2016
Manizales,2016
Manizales,2016
Manizales,2016
Manizales,2016
Manizales,2016
Manizales,2016
Manizales,2016
Manizales,2016
Manizales,2016
Manizales,2016
Manizales,2016
Manizales,2016
Manizales,2016
Manizales,2016
Manizales,2016
Manizales,2016
Manizales,2016
Manizales,2016
Manizales,2016
Manizales,2016
Manizales,2016
Manizales,2016
Manizales,2016
Manizales,2016
Manizales,2016
Manizales,2016
Manizales,2016
Manizales,2016
Manizales,2016
Manizales,2016
Manizales,2016
Manizales,2016
Manizales,2016
Manizales,2016
Manizales,2016
Manizales,2016
Manizales,2016
Manizales,2016
Manizales,2016
Manizales,2016
Manizales,2016
Manizales,2016
Manizales,2016
Manizales,2016
Manizales,2016
Manizales,2016
Manizales,2016
Manizales,2016
Manizales,2016
Manizales,2016
Manizales,2016
Manizales,2016
Manizales,2016
Manizales,2016
Manizales,2016
Manizales,2016
Manizales,2016
Manizales,2016
Manizales,2016
Manizales,2016
Manizales,2016
Manizales,2016
Manizales,2016
Manizales,2016
Manizales,2016
Manizales,2016
Manizales,2016
Manizales,2016
Manizales,2016
Manizales,2016
Manizales,2016
Manizales,2016
Manizales,2016
Manizales,2016
Manizales,2016
Manizales,2016
Manizales,2016
Manizales,2016
Manizales,2016
Manizales,2016
Manizales,2016
Manizales,2016
Manizales,2016
Manizales,2016
Manizales,2016
Manizales,2016
Manizales,2016
Manizales,2016
Manizales,2016
Manizales,2016
Manizales,2016
Manizales,2016
Manizales,2016
Manizales,2016
Manizales,2016
Manizales,2016
Manizales,2016
Manizales,2016
Manizales,2016
Manizales,2016
Manizales,2016
Manizales,2016
Manizales,2016
Manizales,2016
Manizales,2016
Manizales,2016
Manizales,2016
Manizales,2016
Manizales,2016
Manizales,2016
Manizales,2016
Manizales,2016
Manizales,2016
Manizales,2016
Manizales,2016
Manizales,2016
Manizales,2016
Manizales,2016
Manizales,2016
Manizales,2016
Manizales,2016
Manizales,2016
Manizales,2016
Manizales,2016
Manizales,2016
Manizales,2016
Manizales,2016
Manizales,2016
Manizales,2016
Manizales,2016
Manizales,2016
Manizales,2016
Manizales,2016
Manizales,2016
Manizales,2016
Manizales,2016
Manizales,2016
Manizales,2016
Manizales,2016
Manizales,2016
Manizales,2016
Manizales,2016
Manizales,2016
Manizales,2016
Manizales,2016
Manizales,2016
Manizales,2016
Manizales,2016
Manizales,2016
Manizales,2016
Manizales,2016
Manizales,2016
Manizales,2016
Manizales,2016
Manizales,2016
Manizales,2016
Manizales,2016
Manizales,2016
Manizales,2016
Manizales,2016
Manizales,2016
Manizales,2016
Manizales,2016
Manizales,2016
Manizales,2016
Manizales,2016
Manizales,2016
Manizales,2016
Manizales,2016
Manizales,2016
Manizales,2016
Manizales,2016
Manizales,2016
Manizales,2016
Manizales,2016
Manizales,2016
Manizales,2016
Manizales,2016
Manizales,2016
Manizales,2016
Manizales,2016
Manizales,2016
Manizales,2016
Manizales,2016
Manizales,2016
Manizales,2016
Manizales,2016
Manizales,2016
Manizales,2016
Manizales,2016
Manizales,2016
Manizales,2016
Manizales,2016
Manizales,2016
Manizales,2016
Manizales,2016
Manizales,2016
Manizales,2016
Manizales,2016
Manizales,2016
Manizales,2016
Manizales,2016
Manizales,2016
Manizales,2016
Manizales,2016
Manizales,2016
Manizales,2016
Manizales,2016
Manizales,2016
Manizales,2016
Manizales,2016
Manizales,2016
Manizales,2016
Manizales,2016
Manizales,2016
Manizales,2016
Manizales,2016
Manizales,2016
Manizales,2016
Manizales,2016
Manizales,2016
Manizales,2016
Manizales,2016
Manizales,2016
Manizales,2016
Manizales,2016
Manizales,2016
Manizales,2016
Manizales,2016
Manizales,2016
Manizales,2016
Manizales,2016
Manizales,2016
Manizales,2016
Manizales,2016
Manizales,2016
Manizales,2016
Manizales,2016
Manizales,2016
Manizales,2016
Manizales,2016
Manizales,2016
Manizales,2016
Manizales,2016
Manizales,2016
Manizales,2016
Manizales,2016
Manizales,2016
Manizales,2016
Manizales,2016
Manizales,2016
Manizales,2016
Manizales,2016
Manizales,2016
Manizales,2016
Manizales,2016
Manizales,2016
Manizales,2016
Manizales,2016
Manizales,2016
Manizales,2016
Manizales,2016
Manizales,2016
Manizales,2016
Manizales,2016
Manizales,2016
Manizales,2016
Manizales,2016
Manizales,2016
Manizales,2016
Manizales,2016
Manizales,2016
Manizales,2016
Manizales,2016
Manizales,2016
Manizales,2016
Manizales,2016
Manizales,2016
Manizales,2016
Manizales,2016
Manizales,2016
Manizales,2016
Manizales,2016
Manizales,2016
Manizales,2016
Manizales,2016
Manizales,2016
Manizales,2016
Manizales,2016
Manizales,2016
Manizales,2016
Manizales,2016
Manizales,2016
Manizales,2016
Manizales,2016
Manizales,2016
Manizales,2016
Manizales,2016
Manizales,2016
Manizales,2016
Manizales,2016
Manizales,2016
Manizales,2016
Manizales,2016
Manizales,2016
Manizales,2016
Manizales,2016
Manizales,2016
Manizales,2016
Manizales,2016
Manizales,2016
Manizales,2016
Manizales,2016
Manizales,2016
Manizales,2016
Manizales,2016
Manizales,2016
Manizales,2016
Manizales,2016
Manizales,2016
Manizales,2016
Manizales,2016
Manizales,2016
Manizales,2016
Manizales,2016
Manizales,2016
Manizales,2016
Manizales,2016
Manizales,2016
Manizales,2016
Manizales,2016
Manizales,2016
Manizales,2016
Manizales,2016
Manizales,2016
Manizales,2016
Manizales,2016
Manizales,2016
Manizales,2016
Manizales,2016
Manizales,2016
Manizales,2016
Manizales,2016
Manizales,2016
Manizales,2016
Manizales,2016
Manizales,2016
Manizales,2016
Manizales,2016
Manizales,2016
Manizales,2016
Manizales,2016
Manizales,2016
Manizales,2016
Manizales,2016
Manizales,2016
Manizales,2016
Manizales,2016
Manizales,2016
Manizales,2016
Manizales,2016
Manizales,2016
Manizales,2016
Manizales,2016
Manizales,2016
Manizales,2016
Manizales,2016
Manizales,2016
Manizales,2016
Manizales,2016
Manizales,2016
Manizales,2016
Manizales,2016
Manizales,2016
Manizales,2016
Manizales,2016
Manizales,2016
Manizales,2016
Manizales,2016
Manizales,2016
Manizales,2016
Manizales,2016
Manizales,2016
Manizales,2016
Manizales,2016
Manizales,2016
Manizales,2016
Manizales,2016
Manizales,2016
Manizales,2016
Manizales,2016
Manizales,2016
Manizales,2016
Manizales,2016
Manizales,2016
Manizales,2016
Manizales,2016
Manizales,2016
Manizales,2016
Manizales,2016
Manizales,2016
Manizales,2016
Manizales,2016
Manizales,2016
Manizales,2016
Manizales,2016
Manizales,2016
Manizales,2016
Manizales,2016
Manizales,2016
Manizales,2016
Manizales,2016
Manizales,2016
Manizales,2016
Manizales,2016
Manizales,2016
Manizales,2016
Manizales,2016
Manizales,2016
Manizales,2016
Manizales,2016
Manizales,2016
Manizales,2016
Manizales,2016
Manizales,2016
Manizales,2016
Manizales,2016
Manizales,2016
Manizales,2016
Manizales,2016
Manizales,2016
Manizales,2016
Manizales,2016
Manizales,2016
Manizales,2016
Manizales,2016
Manizales,2016
Manizales,2016
Manizales,2016
Manizales,2016
Manizales,2016
Manizales,2016
Manizales,2016
Manizales,2016
Manizales,2016
Manizales,2016
Manizales,2016
Manizales,2016
Manizales,2016
Manizales,2016
Manizales,2016
Manizales,2016
Manizales,2016
Manizales,2016
Manizales,2016
Manizales,2016
Manizales,2016
Manizales,2016
Manizales,2016
Manizales,2016
Manizales,2016
Manizales,2016
Manizales,2016
Manizales,2016
Manizales,2016
Manizales,2016
Manizales,2016
Manizales,2016
Manizales,2016
Manizales,2016
Manizales,2016
Manizales,2016
Manizales,2016
Manizales,2016
Manizales,2016
Manizales,2016
Manizales,2016
Manizales,2016
Manizales,2016
Manizales,2016
Manizales,2016
Manizales,2016
Manizales,2016
Manizales,2016
Manizales,2016
Manizales,2016
Manizales,2016
Manizales,2016
Manizales,2016
Manizales,2016
Manizales,2016
Manizales,2016
Manizales,2016
Manizales,2016
Manizales,2016
Manizales,2016
Manizales,2016
Manizales,2016
Manizales,2016
Manizales,2016
Manizales,2016
Manizales,2016
